cik,ticker,company,form,category,filings,years,first_filing,last_filing,tokens,occurrences,mean_share_pct,pooled_share_pct
0000002488,AMD,ADVANCED MICRO DEVICES INC,All,Negative,20,5,2021-01-29,2025-11-05,554335,17741,3.3282666991911447,3.200411303634084
0000002488,AMD,ADVANCED MICRO DEVICES INC,All,Uncertainty,20,5,2021-01-29,2025-11-05,554335,14496,2.7069426922937474,2.6150252103872207
0000018230,CAT,CATERPILLAR INC,All,Negative,20,5,2021-02-17,2025-11-03,359703,5566,1.388493653212384,1.5473877059685353
0000018230,CAT,CATERPILLAR INC,All,Uncertainty,20,5,2021-02-17,2025-11-03,359703,4342,0.9989283527277053,1.2071069743649623
0000059478,LLY,ELI LILLY & Co,All,Negative,20,5,2021-02-17,2025-10-30,298841,6500,1.9133977969092566,2.175069685886475
0000059478,LLY,ELI LILLY & Co,All,Uncertainty,20,5,2021-02-17,2025-10-30,298841,5339,1.7080764016861756,1.7865687773765984
0000097210,TER,"TERADYNE, INC",All,Negative,20,5,2021-02-22,2025-10-30,241860,3768,1.3673153359819712,1.5579260729347557
0000097210,TER,"TERADYNE, INC",All,Uncertainty,20,5,2021-02-22,2025-10-30,241860,3811,1.439491835694993,1.5757049532787564
0000202058,LHX,"L3HARRIS TECHNOLOGIES, INC. /DE/",All,Negative,20,5,2021-03-01,2025-10-30,368666,7531,1.7922789328341384,2.0427704209230035
0000202058,LHX,"L3HARRIS TECHNOLOGIES, INC. /DE/",All,Uncertainty,20,5,2021-03-01,2025-10-30,368666,6557,1.6898521077650765,1.7785746448004427
0000315189,DE,DEERE & CO,All,Negative,20,5,2021-02-25,2025-12-18,260672,5257,1.7597836300820469,2.0167106555364596
0000315189,DE,DEERE & CO,All,Uncertainty,20,5,2021-02-25,2025-12-18,260672,4044,1.2978086029908757,1.5513749079302726
0000773840,HON,HONEYWELL INTERNATIONAL INC,All,Negative,20,5,2021-02-12,2025-10-23,268725,4375,1.3596951679410612,1.6280584240394456
0000773840,HON,HONEYWELL INTERNATIONAL INC,All,Uncertainty,20,5,2021-02-12,2025-10-23,268725,3685,1.1724999099541262,1.3712903525909388
0000864749,TRMB,TRIMBLE INC.,All,Negative,20,5,2021-02-26,2025-11-05,270004,5151,1.6942773680513727,1.9077495148220027
0000864749,TRMB,TRIMBLE INC.,All,Uncertainty,20,5,2021-02-26,2025-11-05,270004,4665,1.5936496827929747,1.7277521814491636
0000874015,IONS,IONIS PHARMACEUTICALS INC,All,Negative,20,5,2021-02-24,2025-10-29,564471,11304,2.13284284774464,2.002582949345493
0000874015,IONS,IONIS PHARMACEUTICALS INC,All,Uncertainty,20,5,2021-02-24,2025-10-29,564471,10675,2.067386466202993,1.8911511840289403
0000883241,SNPS,SYNOPSYS INC,All,Negative,20,5,2021-02-19,2025-12-22,458658,12419,2.7612960988542192,2.7076819765489755
0000883241,SNPS,SYNOPSYS INC,All,Uncertainty,20,5,2021-02-19,2025-12-22,458658,11880,2.649766546528506,2.590165221145167
0000896878,INTU,INTUIT INC.,All,Negative,20,5,2021-02-23,2025-11-20,543694,16001,3.0382385779619656,2.9430157404716626
0000896878,INTU,INTUIT INC.,All,Uncertainty,20,5,2021-02-23,2025-11-20,543694,12057,2.263676790926381,2.217607698448024
0000936468,LMT,LOCKHEED MARTIN CORP,All,Negative,20,5,2021-01-28,2025-10-21,421937,6216,1.2529112633158115,1.4732057155452116
0000936468,LMT,LOCKHEED MARTIN CORP,All,Uncertainty,20,5,2021-01-28,2025-10-21,421937,7370,1.6021325815458631,1.7467062618352978
0001018724,AMZN,AMAZON COM INC,All,Negative,20,5,2021-02-03,2025-10-31,348118,9181,2.674404577192442,2.637324125727483
0001018724,AMZN,AMAZON COM INC,All,Uncertainty,20,5,2021-02-03,2025-10-31,348118,7369,2.1446178705842516,2.116810966396452
0001020214,CERS,CERUS CORP,All,Negative,8,2,2021-02-25,2022-11-03,414381,13253,3.2385303477304044,3.1982643991881865
0001020214,CERS,CERUS CORP,All,Uncertainty,8,2,2021-02-25,2022-11-03,414381,10202,2.4865716868426766,2.4619854674804107
0001035267,ISRG,INTUITIVE SURGICAL INC,All,Negative,20,5,2021-02-10,2025-10-22,592106,12264,1.66747101668361,2.071250755776837
0001035267,ISRG,INTUITIVE SURGICAL INC,All,Uncertainty,20,5,2021-02-10,2025-10-22,592106,11974,1.8748934456875552,2.0222730389491073
0001045810,NVDA,NVIDIA CORP,All,Negative,20,5,2021-02-26,2025-11-19,358540,8119,2.1673946005811326,2.264461426897975
0001045810,NVDA,NVIDIA CORP,All,Uncertainty,20,5,2021-02-26,2025-11-19,358540,7564,2.136423195548041,2.1096669827634296
0001065280,NFLX,NETFLIX INC,All,Negative,20,5,2021-01-28,2025-10-22,215036,3428,1.1199167506843657,1.5941516769285142
0001065280,NFLX,NETFLIX INC,All,Uncertainty,20,5,2021-01-28,2025-10-22,215036,4173,1.6890709374794064,1.9406052939972842
0001069258,KTOS,"KRATOS DEFENSE & SECURITY SOLUTIONS, INC.",All,Negative,20,5,2021-02-25,2025-11-04,370798,9345,1.995160836658286,2.5202401307450417
0001069258,KTOS,"KRATOS DEFENSE & SECURITY SOLUTIONS, INC.",All,Uncertainty,20,5,2021-02-25,2025-11-04,370798,7760,1.7131365193748647,2.0927836719723407
0001094285,TDY,TELEDYNE TECHNOLOGIES INC,All,Negative,20,5,2021-02-26,2025-10-24,272369,5153,1.5672438756728764,1.8919186838443436
0001094285,TDY,TELEDYNE TECHNOLOGIES INC,All,Uncertainty,20,5,2021-02-26,2025-10-24,272369,4827,1.473916498081762,1.7722281170030363
0001099590,MELI,MERCADOLIBRE INC,All,Negative,20,5,2021-03-01,2025-10-30,492363,8046,1.267080780545652,1.6341601623192645
0001099590,MELI,MERCADOLIBRE INC,All,Uncertainty,20,5,2021-03-01,2025-10-30,492363,7148,1.2622233448837943,1.4517744022195007
0001110803,ILMN,"ILLUMINA, INC.",All,Negative,20,5,2021-02-17,2025-10-31,279810,5994,1.9758931195806153,2.1421678996461884
0001110803,ILMN,"ILLUMINA, INC.",All,Uncertainty,20,5,2021-02-17,2025-10-31,279810,5882,1.9025551170227988,2.102140738358172
0001121788,GRMN,GARMIN LTD,All,Negative,20,5,2021-02-17,2025-10-29,220860,4184,1.6773293879479678,1.8944127501584713
0001121788,GRMN,GARMIN LTD,All,Uncertainty,20,5,2021-02-17,2025-10-29,220860,3749,1.4859208273797615,1.6974554016118808
0001217234,CDNA,"CareDx, Inc.",All,Negative,20,5,2021-02-24,2025-11-04,630779,18079,2.728830658735551,2.8661385366348595
0001217234,CDNA,"CareDx, Inc.",All,Uncertainty,20,5,2021-02-24,2025-11-04,630779,13157,2.0420191077382426,2.0858335486755264
0001299130,PACB,"PACIFIC BIOSCIENCES OF CALIFORNIA, INC.",All,Negative,13,4,2021-02-26,2024-02-28,488070,16613,3.4520147371920094,3.403815026533079
0001299130,PACB,"PACIFIC BIOSCIENCES OF CALIFORNIA, INC.",All,Uncertainty,13,4,2021-02-26,2024-02-28,488070,13807,2.8479276840911116,2.828897494211896
0001318605,TSLA,"Tesla, Inc.",All,Negative,20,5,2021-02-08,2025-10-23,378430,7837,1.7059498236299775,2.0709246095711227
0001318605,TSLA,"Tesla, Inc.",All,Uncertainty,20,5,2021-02-08,2025-10-23,378430,7155,1.6858392644914182,1.8907063393494172
0001368622,AVAV,AeroVironment Inc,All,Negative,20,5,2021-03-10,2025-12-10,405855,9726,2.1050309775477922,2.396422367594338
0001368622,AVAV,AeroVironment Inc,All,Uncertainty,20,5,2021-03-10,2025-12-10,405855,7773,1.666928001911737,1.9152160254278006
0001384101,VCYT,"VERACYTE, INC.",All,Negative,20,5,2021-02-22,2025-11-05,834898,21715,2.4247350361902376,2.600916519143656
0001384101,VCYT,"VERACYTE, INC.",All,Uncertainty,20,5,2021-02-22,2025-11-05,834898,19876,2.3221240972244637,2.380650091388409
0001418819,IRDM,Iridium Communications Inc.,All,Negative,20,5,2021-02-11,2025-10-23,312823,4959,1.1659458933313231,1.585241494391397
0001418819,IRDM,Iridium Communications Inc.,All,Uncertainty,20,5,2021-02-11,2025-10-23,312823,4284,1.1521983182556974,1.369464521470608
0001474432,P,"Everpure, Inc.",All,Negative,20,5,2021-03-25,2025-12-10,481825,15430,3.257203864670683,3.2024075131012295
0001474432,P,"Everpure, Inc.",All,Uncertainty,20,5,2021-03-25,2025-12-10,481825,12810,2.6985206228755243,2.658641622995901
0001478320,ADPT,Adaptive Biotechnologies Corp,All,Negative,20,5,2021-02-24,2025-11-05,467616,11672,1.5774473970973653,2.4960651474714295
0001478320,ADPT,Adaptive Biotechnologies Corp,All,Uncertainty,20,5,2021-02-24,2025-11-05,467616,9234,1.5978632127205739,1.9746971874358448
0001486957,BWXT,"BWX Technologies, Inc.",All,Negative,20,5,2021-02-22,2025-11-03,278594,5684,1.5402706902144525,2.040244944255799
0001486957,BWXT,"BWX Technologies, Inc.",All,Uncertainty,20,5,2021-02-22,2025-11-03,278594,4649,1.3706386546650862,1.6687365844203392
0001527753,PSNL,"Personalis, Inc.",All,Negative,13,5,2021-02-25,2025-11-04,689292,24930,3.676542172229278,3.6167545829633885
0001527753,PSNL,"Personalis, Inc.",All,Uncertainty,13,5,2021-02-25,2025-11-04,689292,17855,2.629337292429223,2.590339072555608
0001535527,CRWD,"CrowdStrike Holdings, Inc.",All,Negative,3,1,2025-06-04,2025-12-03,114984,4635,4.033019948758946,4.030995616781465
0001535527,CRWD,"CrowdStrike Holdings, Inc.",All,Uncertainty,3,1,2025-06-04,2025-12-03,114984,3036,2.641647506763986,2.640367355458151
0001549595,NRIX,"Nurix Therapeutics, Inc.",All,Negative,20,5,2021-02-16,2025-10-09,1239316,38495,3.1694245590686605,3.1061488756701277
0001549595,NRIX,"Nurix Therapeutics, Inc.",All,Uncertainty,20,5,2021-02-16,2025-10-09,1239316,33316,2.7558668709380503,2.688257070835848
0001555279,MASS,908 Devices Inc.,All,Negative,19,5,2021-05-13,2025-11-10,406339,8690,1.5635114099399758,2.1386084033282553
0001555279,MASS,908 Devices Inc.,All,Uncertainty,19,5,2021-05-13,2025-11-10,406339,8325,1.7812171636288716,2.048781928389842
0001571949,ICE,"Intercontinental Exchange, Inc.",All,Negative,20,5,2021-02-04,2025-10-30,532156,7874,1.1872832619941223,1.4796413081878246
0001571949,ICE,"Intercontinental Exchange, Inc.",All,Uncertainty,20,5,2021-02-04,2025-10-30,532156,9120,1.5234049029362444,1.7137831763618188
0001576280,GH,"Guardant Health, Inc.",All,Negative,20,5,2021-02-25,2025-10-29,516660,11809,1.5350237357611514,2.285642395385747
0001576280,GH,"Guardant Health, Inc.",All,Uncertainty,20,5,2021-02-25,2025-10-29,516660,10943,1.7975693418288774,2.1180273293848955
0001581280,TWST,Twist Bioscience Corp,All,Negative,20,5,2021-02-09,2025-11-17,524941,15986,2.7285446703713085,3.04529461406139
0001581280,TWST,Twist Bioscience Corp,All,Uncertainty,20,5,2021-02-09,2025-11-17,524941,13642,2.3823872577496887,2.598768242526303
0001604821,NTRA,"Natera, Inc.",All,Negative,20,5,2021-02-26,2025-11-07,438092,10234,1.6604098400647007,2.3360390055056928
0001604821,NTRA,"Natera, Inc.",All,Uncertainty,20,5,2021-02-26,2025-11-07,438092,8470,1.6522847943288557,1.933383855445888
0001633917,PYPL,"PayPal Holdings, Inc.",All,Negative,20,5,2021-02-05,2025-10-28,410406,10732,2.4594954567085434,2.6149715160109746
0001633917,PYPL,"PayPal Holdings, Inc.",All,Uncertainty,20,5,2021-02-05,2025-10-28,410406,8233,1.9573273878344672,2.0060622895376774
0001640147,SNOW,Snowflake Inc.,All,Negative,20,5,2021-03-31,2025-12-05,719412,20166,2.8223827666931927,2.8031225500825676
0001640147,SNOW,Snowflake Inc.,All,Uncertainty,20,5,2021-03-31,2025-12-05,719412,17088,2.4003016346157486,2.3752731397307802
0001652130,NTLA,"Intellia Therapeutics, Inc.",All,Negative,20,5,2021-02-26,2025-11-06,1023190,31300,3.1327334470363475,3.0590603895659654
0001652130,NTLA,"Intellia Therapeutics, Inc.",All,Uncertainty,20,5,2021-02-26,2025-11-06,1023190,25083,2.5107906021706032,2.4514508546799716
0001672688,ABSI,Absci Corp,All,Negative,11,4,2021-11-09,2025-11-12,349185,8855,1.956436880457108,2.535905036012429
0001672688,ABSI,Absci Corp,All,Uncertainty,11,4,2021-11-09,2025-11-12,349185,8445,2.0167661656034443,2.4184887666996007
0001674416,CRSP,CRISPR Therapeutics AG,All,Negative,20,5,2021-02-16,2025-11-10,598187,13101,1.5708766296402332,2.190117805970374
0001674416,CRSP,CRISPR Therapeutics AG,All,Uncertainty,20,5,2021-02-16,2025-11-10,598187,11492,1.5833054756381544,1.9211383731174365
0001730168,AVGO,Broadcom Inc.,All,Negative,20,5,2021-03-12,2025-12-18,507753,16487,3.343051225108609,3.247051223724921
0001730168,AVGO,Broadcom Inc.,All,Uncertainty,20,5,2021-03-12,2025-12-18,507753,14480,2.9379644014834008,2.8517802947496125
0001745999,BEAM,Beam Therapeutics Inc.,All,Negative,20,5,2021-03-15,2025-11-04,766225,17406,1.8984513374204735,2.271656497765017
0001745999,BEAM,Beam Therapeutics Inc.,All,Uncertainty,20,5,2021-03-15,2025-11-04,766225,15775,1.760118701312886,2.0587947404483016
0001768224,ARCT,Arcturus Therapeutics Holdings Inc.,All,Negative,20,5,2021-03-01,2025-11-12,405138,8502,1.6384879196346085,2.0985441997541576
0001768224,ARCT,Arcturus Therapeutics Holdings Inc.,All,Uncertainty,20,5,2021-03-01,2025-11-12,405138,6845,1.4400840819347354,1.689547759035193
0001779128,SRTA,"Strata Critical Medical, Inc.",All,Negative,12,5,2021-05-24,2025-11-10,208281,4368,1.6913908542507288,2.0971668083022457
0001779128,SRTA,"Strata Critical Medical, Inc.",All,Uncertainty,12,5,2021-05-24,2025-11-10,208281,3392,1.3905522076103054,1.6285690965570552
0001816590,CMPS,COMPASS Pathways plc,All,Negative,16,4,2022-02-24,2025-11-04,1267849,40359,3.2461679270783024,3.1832655150573923
0001816590,CMPS,COMPASS Pathways plc,All,Uncertainty,16,4,2022-02-24,2025-11-04,1267849,31803,2.5613599463887775,2.508421744229794
0001818331,WGS,GeneDx Holdings Corp.,All,Negative,11,4,2021-11-15,2025-10-28,301987,8861,2.346313725386465,2.934232268276449
0001818331,WGS,GeneDx Holdings Corp.,All,Uncertainty,11,4,2021-11-15,2025-10-28,301987,7119,2.11149999281365,2.357386245103266
0001818874,SOFI,"SoFi Technologies, Inc.",All,Negative,18,5,2021-08-16,2025-11-06,1258807,35013,2.637014564936075,2.7814430647430464
0001818874,SOFI,"SoFi Technologies, Inc.",All,Uncertainty,18,5,2021-08-16,2025-11-06,1258807,28362,2.1841109203310527,2.2530856596761857
0001819848,JOBY,"Joby Aviation, Inc.",All,Negative,18,5,2021-08-13,2025-11-06,251900,4614,1.5408843539056556,1.8316792377927749
0001819848,JOBY,"Joby Aviation, Inc.",All,Uncertainty,18,5,2021-08-13,2025-11-06,251900,4970,1.8314879149553909,1.9730051607780865
0001819994,RKLB,Rocket Lab Corp,All,Negative,17,5,2021-11-15,2025-11-10,288323,6837,1.9584479150507452,2.371298855797144
0001819994,RKLB,Rocket Lab Corp,All,Uncertainty,17,5,2021-11-15,2025-11-10,288323,5915,1.8078848092146895,2.0515186093374447
0001824502,ACHR,Archer Aviation Inc.,All,Negative,3,1,2025-05-12,2025-11-06,25207,310,1.1845620772069874,1.2298171142936485
0001824502,ACHR,Archer Aviation Inc.,All,Uncertainty,3,1,2025-05-12,2025-11-06,25207,426,1.667988028014003,1.6900067441583686
0001828108,AUR,"Aurora Innovation, Inc.",All,Negative,1,1,2021-11-15,2021-11-15,7039,89,1.2643841454752096,1.2643841454752096
0001828108,AUR,"Aurora Innovation, Inc.",All,Uncertainty,1,1,2021-11-15,2021-11-15,7039,84,1.193351328313681,1.193351328313681
0001829311,BMNR,"BITMINE IMMERSION TECHNOLOGIES, INC.",All,Negative,1,1,2025-11-21,2025-11-21,17774,491,2.7624620231799257,2.7624620231799257
0001829311,BMNR,"BITMINE IMMERSION TECHNOLOGIES, INC.",All,Uncertainty,1,1,2025-11-21,2025-11-21,17774,459,2.582423765050073,2.582423765050073
0001844452,LUNR,"Intuitive Machines, Inc.",All,Negative,1,1,2023-03-31,2023-03-31,45047,913,2.026772038093547,2.026772038093547
0001844452,LUNR,"Intuitive Machines, Inc.",All,Uncertainty,1,1,2023-03-31,2023-03-31,45047,774,1.718205429884343,1.718205429884343
0001849056,OKLO,Oklo Inc.,All,Negative,6,2,2024-08-14,2025-11-12,83360,1666,1.5606852419331085,1.998560460652591
0001849056,OKLO,Oklo Inc.,All,Uncertainty,6,2,2024-08-14,2025-11-12,83360,1810,1.8813701594672498,2.1713051823416505
0001894562,PRME,"Prime Medicine, Inc.",All,Negative,10,3,2023-03-09,2025-11-07,325413,7624,1.7238041387285623,2.3428689081259813
0001894562,PRME,"Prime Medicine, Inc.",All,Uncertainty,10,3,2023-03-09,2025-11-07,325413,7506,1.9998819910885355,2.3066072959592887
0002017526,FRNM,"Freenome, Inc.",All,Negative,1,1,2025-03-19,2025-03-19,61724,1182,1.9149763463158578,1.9149763463158578
0002017526,FRNM,"Freenome, Inc.",All,Uncertainty,1,1,2025-03-19,2025-03-19,61724,1273,2.0624068433672478,2.0624068433672478
0000002488,AMD,ADVANCED MICRO DEVICES INC,10-K,Negative,5,5,2021-01-29,2025-02-05,199893,4950,2.4781044255705513,2.4763248337860757
0000002488,AMD,ADVANCED MICRO DEVICES INC,10-K,Uncertainty,5,5,2021-01-29,2025-02-05,199893,4153,2.0765155107263467,2.077611522164358
0000018230,CAT,CATERPILLAR INC,10-K,Negative,5,5,2021-02-17,2025-02-14,172312,3283,1.9062662080423922,1.9052648683782905
0000018230,CAT,CATERPILLAR INC,10-K,Uncertainty,5,5,2021-02-17,2025-02-14,172312,2917,1.6937285740889596,1.69285946422768
0000059478,LLY,ELI LILLY & Co,10-K,Negative,5,5,2021-02-17,2025-02-19,176186,4402,2.4938954546757652,2.498495907733872
0000059478,LLY,ELI LILLY & Co,10-K,Uncertainty,5,5,2021-02-17,2025-02-19,176186,3371,1.9122996488904427,1.9133188789120588
0000097210,TER,"TERADYNE, INC",10-K,Negative,5,5,2021-02-22,2025-02-20,138586,2486,1.795882991347296,1.7938319888011776
0000097210,TER,"TERADYNE, INC",10-K,Uncertainty,5,5,2021-02-22,2025-02-20,138586,2408,1.738327284569381,1.737549247398727
0000202058,LHX,"L3HARRIS TECHNOLOGIES, INC. /DE/",10-K,Negative,5,5,2021-03-01,2025-02-14,218206,4967,2.292540815934475,2.27628937792728
0000202058,LHX,"L3HARRIS TECHNOLOGIES, INC. /DE/",10-K,Uncertainty,5,5,2021-03-01,2025-02-14,218206,4039,1.86722829415352,1.85100318048083
0000315189,DE,DEERE & CO,10-K,Negative,5,5,2021-12-16,2025-12-18,154641,3579,2.3246886288314754,2.314392690166256
0000315189,DE,DEERE & CO,10-K,Uncertainty,5,5,2021-12-16,2025-12-18,154641,2833,1.8372771162773156,1.8319850492430856
0000773840,HON,HONEYWELL INTERNATIONAL INC,10-K,Negative,5,5,2021-02-12,2025-02-14,147344,2962,2.0121310211177055,2.0102617005103705
0000773840,HON,HONEYWELL INTERNATIONAL INC,10-K,Uncertainty,5,5,2021-02-12,2025-02-14,147344,2448,1.660080449861939,1.6614181778694754
0000864749,TRMB,TRIMBLE INC.,10-K,Negative,5,5,2021-02-26,2025-04-25,159038,3436,2.1578862095431437,2.1604899457991174
0000864749,TRMB,TRIMBLE INC.,10-K,Uncertainty,5,5,2021-02-26,2025-04-25,159038,3008,1.8922244743569039,1.89137187338875
0000874015,IONS,IONIS PHARMACEUTICALS INC,10-K,Negative,5,5,2021-02-24,2025-02-19,259041,4296,1.658319371929452,1.65842472813184
0000874015,IONS,IONIS PHARMACEUTICALS INC,10-K,Uncertainty,5,5,2021-02-24,2025-02-19,259041,3719,1.4355695557541497,1.435680066089924
0000883241,SNPS,SYNOPSYS INC,10-K,Negative,5,5,2021-12-13,2025-12-22,161109,3630,2.2485660527915887,2.2531329720872204
0000883241,SNPS,SYNOPSYS INC,10-K,Uncertainty,5,5,2021-12-13,2025-12-22,161109,3417,2.1174180261223863,2.1209243431465654
0000896878,INTU,INTUIT INC.,10-K,Negative,5,5,2021-09-08,2025-09-03,190364,4443,2.3343031612924863,2.3339496963711626
0000896878,INTU,INTUIT INC.,10-K,Uncertainty,5,5,2021-09-08,2025-09-03,190364,3665,1.9252832161197457,1.9252589775377698
0000936468,LMT,LOCKHEED MARTIN CORP,10-K,Negative,5,5,2021-01-28,2025-01-28,223139,4102,1.842928769563823,1.838316027229664
0000936468,LMT,LOCKHEED MARTIN CORP,10-K,Uncertainty,5,5,2021-01-28,2025-01-28,223139,4404,1.9727265629620927,1.973657675260712
0001018724,AMZN,AMAZON COM INC,10-K,Negative,5,5,2021-02-03,2025-02-07,111217,2522,2.2656003938859057,2.267638940090094
0001018724,AMZN,AMAZON COM INC,10-K,Uncertainty,5,5,2021-02-03,2025-02-07,111217,2058,1.8504262482249523,1.8504365339831141
0001020214,CERS,CERUS CORP,10-K,Negative,2,2,2021-02-25,2022-02-22,132954,3739,2.8089838099965183,2.812250853678716
0001020214,CERS,CERUS CORP,10-K,Uncertainty,2,2,2021-02-25,2022-02-22,132954,2986,2.245733642379409,2.2458895557862117
0001035267,ISRG,INTUITIVE SURGICAL INC,10-K,Negative,5,5,2021-02-10,2025-01-31,329638,8615,2.604431168564091,2.6134729612484
0001035267,ISRG,INTUITIVE SURGICAL INC,10-K,Uncertainty,5,5,2021-02-10,2025-01-31,329638,7313,2.215240856919489,2.218494227000528
0001045810,NVDA,NVIDIA CORP,10-K,Negative,5,5,2021-02-26,2025-02-26,165656,3973,2.383644689684787,2.398343555319457
0001045810,NVDA,NVIDIA CORP,10-K,Uncertainty,5,5,2021-02-26,2025-02-26,165656,3334,2.002682764972392,2.0126044332834305
0001065280,NFLX,NETFLIX INC,10-K,Negative,5,5,2021-01-28,2025-01-27,110914,2729,2.4596256060639328,2.4604648646699245
0001065280,NFLX,NETFLIX INC,10-K,Uncertainty,5,5,2021-01-28,2025-01-27,110914,2660,2.3982084253216263,2.39825450348919
0001069258,KTOS,"KRATOS DEFENSE & SECURITY SOLUTIONS, INC.",10-K,Negative,5,5,2021-02-25,2025-02-26,234722,7074,3.013223767681783,3.0137780012099418
0001069258,KTOS,"KRATOS DEFENSE & SECURITY SOLUTIONS, INC.",10-K,Uncertainty,5,5,2021-02-25,2025-02-26,234722,5777,2.4615710703007645,2.461209430730822
0001094285,TDY,TELEDYNE TECHNOLOGIES INC,10-K,Negative,5,5,2021-02-26,2025-02-21,164680,3745,2.2855686328729155,2.274107359727957
0001094285,TDY,TELEDYNE TECHNOLOGIES INC,10-K,Uncertainty,5,5,2021-02-26,2025-02-21,164680,3452,2.0985559820596995,2.0961865435997087
0001099590,MELI,MERCADOLIBRE INC,10-K,Negative,5,5,2021-03-01,2025-02-21,245727,5837,2.371541848880974,2.3754003426566883
0001099590,MELI,MERCADOLIBRE INC,10-K,Uncertainty,5,5,2021-03-01,2025-02-21,245727,4529,1.8410919186247703,1.8431023045900532
0001110803,ILMN,"ILLUMINA, INC.",10-K,Negative,5,5,2021-02-17,2025-02-12,154672,3583,2.3110609237811692,2.316514947760422
0001110803,ILMN,"ILLUMINA, INC.",10-K,Uncertainty,5,5,2021-02-17,2025-02-12,154672,3703,2.3947776563921637,2.3940984793627806
0001121788,GRMN,GARMIN LTD,10-K,Negative,5,5,2021-02-17,2025-02-19,136708,2876,2.105677904101841,2.103753986599175
0001121788,GRMN,GARMIN LTD,10-K,Uncertainty,5,5,2021-02-17,2025-02-19,136708,2622,1.9174567839054628,1.9179565204669806
0001217234,CDNA,"CareDx, Inc.",10-K,Negative,5,5,2021-02-24,2025-02-28,294376,8773,2.9830372345460736,2.980202190395956
0001217234,CDNA,"CareDx, Inc.",10-K,Uncertainty,5,5,2021-02-24,2025-02-28,294376,6139,2.090935630102142,2.08542815990434
0001299130,PACB,"PACIFIC BIOSCIENCES OF CALIFORNIA, INC.",10-K,Negative,4,4,2021-02-26,2024-02-28,186836,5570,2.9760851553611403,2.981224175212486
0001299130,PACB,"PACIFIC BIOSCIENCES OF CALIFORNIA, INC.",10-K,Uncertainty,4,4,2021-02-26,2024-02-28,186836,4910,2.6202350760947084,2.627973195743861
0001318605,TSLA,"Tesla, Inc.",10-K,Negative,5,5,2021-02-08,2025-01-30,175676,3651,2.0893140927245883,2.078257701678089
0001318605,TSLA,"Tesla, Inc.",10-K,Uncertainty,5,5,2021-02-08,2025-01-30,175676,3206,1.8309002744167149,1.824950477014504
0001368622,AVAV,AeroVironment Inc,10-K,Negative,5,5,2021-06-29,2025-06-25,252861,6682,2.64319502076593,2.6425585598411776
0001368622,AVAV,AeroVironment Inc,10-K,Uncertainty,5,5,2021-06-29,2025-06-25,252861,5368,2.123099816854052,2.122905469803568
0001384101,VCYT,"VERACYTE, INC.",10-K,Negative,5,5,2021-02-22,2025-02-28,311944,7711,2.473467580429768,2.4719180365706666
0001384101,VCYT,"VERACYTE, INC.",10-K,Uncertainty,5,5,2021-02-22,2025-02-28,311944,6840,2.1940372456406045,2.1927012540712436
0001418819,IRDM,Iridium Communications Inc.,10-K,Negative,5,5,2021-02-11,2025-02-13,207111,3987,1.925452333741698,1.9250546808233266
0001418819,IRDM,Iridium Communications Inc.,10-K,Uncertainty,5,5,2021-02-11,2025-02-13,207111,3211,1.550757627757396,1.5503763682276654
0001474432,P,"Everpure, Inc.",10-K,Negative,5,5,2021-03-25,2025-03-27,152705,4084,2.6751993780538896,2.6744376412036277
0001474432,P,"Everpure, Inc.",10-K,Uncertainty,5,5,2021-03-25,2025-03-27,152705,3460,2.2666142617931655,2.2658066206083625
0001478320,ADPT,Adaptive Biotechnologies Corp,10-K,Negative,5,5,2021-02-24,2025-03-03,342491,10291,3.0155740465488745,3.0047504897938926
0001478320,ADPT,Adaptive Biotechnologies Corp,10-K,Uncertainty,5,5,2021-02-24,2025-03-03,342491,7488,2.19052806602252,2.186334823396819
0001486957,BWXT,"BWX Technologies, Inc.",10-K,Negative,5,5,2021-02-22,2025-02-24,163365,4337,2.654589532696746,2.6547914179903898
0001486957,BWXT,"BWX Technologies, Inc.",10-K,Uncertainty,5,5,2021-02-22,2025-02-24,163365,3323,2.0340587098610294,2.0340954304777643
0001527753,PSNL,"Personalis, Inc.",10-K,Negative,4,4,2021-02-25,2025-02-27,265413,8389,3.171326761772512,3.1607344026102715
0001527753,PSNL,"Personalis, Inc.",10-K,Uncertainty,4,4,2021-02-25,2025-02-27,265413,6093,2.2973784741008827,2.295667506866657
0001549595,NRIX,"Nurix Therapeutics, Inc.",10-K,Negative,5,5,2021-02-16,2025-01-28,425742,11404,2.6782666884476876,2.6786175665074152
0001549595,NRIX,"Nurix Therapeutics, Inc.",10-K,Uncertainty,5,5,2021-02-16,2025-01-28,425742,9476,2.2257101472857066,2.225761141724331
0001555279,MASS,908 Devices Inc.,10-K,Negative,4,4,2022-03-11,2025-03-07,220248,5775,2.6221449428004484,2.622044241037376
0001555279,MASS,908 Devices Inc.,10-K,Uncertainty,4,4,2022-03-11,2025-03-07,220248,4956,2.250005280039395,2.250190694126621
0001571949,ICE,"Intercontinental Exchange, Inc.",10-K,Negative,5,5,2021-02-04,2025-02-06,282210,5529,1.956749309943381,1.9591793345381099
0001571949,ICE,"Intercontinental Exchange, Inc.",10-K,Uncertainty,5,5,2021-02-04,2025-02-06,282210,5718,2.0256408266004655,2.0261507388115234
0001576280,GH,"Guardant Health, Inc.",10-K,Negative,5,5,2021-02-25,2025-02-20,357701,10049,2.8092405916859686,2.8093295797327937
0001576280,GH,"Guardant Health, Inc.",10-K,Uncertainty,5,5,2021-02-25,2025-02-20,357701,8377,2.3415419281986485,2.341900078557231
0001581280,TWST,Twist Bioscience Corp,10-K,Negative,5,5,2021-11-23,2025-11-17,219892,6078,2.7688651680999588,2.7640841867826023
0001581280,TWST,Twist Bioscience Corp,10-K,Uncertainty,5,5,2021-11-23,2025-11-17,219892,5203,2.3684939097219524,2.3661615702253833
0001604821,NTRA,"Natera, Inc.",10-K,Negative,5,5,2021-02-26,2025-02-28,297750,8455,2.843619516772494,2.8396305625524767
0001604821,NTRA,"Natera, Inc.",10-K,Uncertainty,5,5,2021-02-26,2025-02-28,297750,6382,2.144338394485927,2.143408900083963
0001633917,PYPL,"PayPal Holdings, Inc.",10-K,Negative,5,5,2021-02-05,2025-02-04,186191,5460,2.9337657998646263,2.9324725684914954
0001633917,PYPL,"PayPal Holdings, Inc.",10-K,Uncertainty,5,5,2021-02-05,2025-02-04,186191,3933,2.112607171322356,2.1123469985122805
0001640147,SNOW,Snowflake Inc.,10-K,Negative,5,5,2021-03-31,2025-03-21,216438,5151,2.3709543422835444,2.379896321348377
0001640147,SNOW,Snowflake Inc.,10-K,Uncertainty,5,5,2021-03-31,2025-03-21,216438,4443,2.05097534546491,2.0527818590081224
0001652130,NTLA,"Intellia Therapeutics, Inc.",10-K,Negative,5,5,2021-02-26,2025-02-27,360867,9442,2.620330845385939,2.6164764303746257
0001652130,NTLA,"Intellia Therapeutics, Inc.",10-K,Uncertainty,5,5,2021-02-26,2025-02-27,360867,7582,2.103644368128466,2.1010510797606874
0001672688,ABSI,Absci Corp,10-K,Negative,3,3,2022-03-22,2025-03-18,191689,5110,2.6641222544640617,2.6657763356269792
0001672688,ABSI,Absci Corp,10-K,Uncertainty,3,3,2022-03-22,2025-03-18,191689,4856,2.532918461703965,2.5332700363609804
0001674416,CRSP,CRISPR Therapeutics AG,10-K,Negative,5,5,2021-02-16,2025-02-11,462547,11371,2.4593924587926272,2.458344773612195
0001674416,CRSP,CRISPR Therapeutics AG,10-K,Uncertainty,5,5,2021-02-16,2025-02-11,462547,9569,2.0700597294446004,2.068762741948386
0001730168,AVGO,Broadcom Inc.,10-K,Negative,5,5,2021-12-17,2025-12-18,175587,4731,2.697714712615523,2.6943908148097524
0001730168,AVGO,Broadcom Inc.,10-K,Uncertainty,5,5,2021-12-17,2025-12-18,175587,4037,2.298229686182746,2.29914515311498
0001745999,BEAM,Beam Therapeutics Inc.,10-K,Negative,5,5,2021-03-15,2025-02-25,528952,13276,2.5101527910223838,2.509868570305056
0001745999,BEAM,Beam Therapeutics Inc.,10-K,Uncertainty,5,5,2021-03-15,2025-02-25,528952,11965,2.2623324221073453,2.2620199942527868
0001768224,ARCT,Arcturus Therapeutics Holdings Inc.,10-K,Negative,5,5,2021-03-01,2025-03-06,257281,6498,2.523845894509047,2.525643168364551
0001768224,ARCT,Arcturus Therapeutics Holdings Inc.,10-K,Uncertainty,5,5,2021-03-01,2025-03-06,257281,4961,1.9296141678479857,1.928241883388202
0001779128,SRTA,"Strata Critical Medical, Inc.",10-K,Negative,2,2,2021-12-20,2023-03-16,82888,2162,2.6094553535323035,2.608338963420519
0001779128,SRTA,"Strata Critical Medical, Inc.",10-K,Uncertainty,2,2,2021-12-20,2023-03-16,82888,1597,1.9277741132263007,1.9266962648393011
0001816590,CMPS,COMPASS Pathways plc,10-K,Negative,4,4,2022-02-24,2025-02-27,432347,11798,2.7299725652915816,2.7288266138078905
0001816590,CMPS,COMPASS Pathways plc,10-K,Uncertainty,4,4,2022-02-24,2025-02-27,432347,9195,2.1271441598924814,2.126763918796707
0001818331,WGS,GeneDx Holdings Corp.,10-K,Negative,2,2,2024-02-23,2025-02-20,107714,3451,3.204460534256194,3.2038546521343556
0001818331,WGS,GeneDx Holdings Corp.,10-K,Uncertainty,2,2,2024-02-23,2025-02-20,107714,2583,2.40146593905083,2.398016970867297
0001818874,SOFI,"SoFi Technologies, Inc.",10-K,Negative,4,4,2022-03-01,2025-02-24,380908,9938,2.6059101535401545,2.6090289518728933
0001818874,SOFI,"SoFi Technologies, Inc.",10-K,Uncertainty,4,4,2022-03-01,2025-02-24,380908,8058,2.1151727949602677,2.1154714524242073
0001819848,JOBY,"Joby Aviation, Inc.",10-K,Negative,4,4,2022-03-28,2025-02-27,129456,2984,2.3059693346678225,2.3050302805586456
0001819848,JOBY,"Joby Aviation, Inc.",10-K,Uncertainty,4,4,2022-03-28,2025-02-27,129456,2860,2.2104895645095697,2.2092448399456184
0001819994,RKLB,Rocket Lab Corp,10-K,Negative,4,4,2022-03-24,2025-02-27,166647,4800,2.880619620774069,2.8803398801058524
0001819994,RKLB,Rocket Lab Corp,10-K,Uncertainty,4,4,2022-03-24,2025-02-27,166647,3924,2.3551418041318746,2.3546778519865343
0001829311,BMNR,"BITMINE IMMERSION TECHNOLOGIES, INC.",10-K,Negative,1,1,2025-11-21,2025-11-21,17774,491,2.7624620231799257,2.7624620231799257
0001829311,BMNR,"BITMINE IMMERSION TECHNOLOGIES, INC.",10-K,Uncertainty,1,1,2025-11-21,2025-11-21,17774,459,2.582423765050073,2.582423765050073
0001844452,LUNR,"Intuitive Machines, Inc.",10-K,Negative,1,1,2023-03-31,2023-03-31,45047,913,2.026772038093547,2.026772038093547
0001844452,LUNR,"Intuitive Machines, Inc.",10-K,Uncertainty,1,1,2023-03-31,2023-03-31,45047,774,1.718205429884343,1.718205429884343
0001849056,OKLO,Oklo Inc.,10-K,Negative,1,1,2025-03-24,2025-03-24,35959,1054,2.9311159932144943,2.9311159932144943
0001849056,OKLO,Oklo Inc.,10-K,Uncertainty,1,1,2025-03-24,2025-03-24,35959,1005,2.7948496899246362,2.7948496899246362
0001894562,PRME,"Prime Medicine, Inc.",10-K,Negative,2,2,2023-03-09,2024-03-01,213531,5025,2.3676272838694867,2.353288281326833
0001894562,PRME,"Prime Medicine, Inc.",10-K,Uncertainty,2,2,2023-03-09,2024-03-01,213531,4733,2.23232695976286,2.2165399871681397
0002017526,FRNM,"Freenome, Inc.",10-K,Negative,1,1,2025-03-19,2025-03-19,61724,1182,1.9149763463158578,1.9149763463158578
0002017526,FRNM,"Freenome, Inc.",10-K,Uncertainty,1,1,2025-03-19,2025-03-19,61724,1273,2.0624068433672478,2.0624068433672478
0000002488,AMD,ADVANCED MICRO DEVICES INC,10-Q,Negative,15,5,2021-04-28,2025-11-05,354442,12791,3.611654123731343,3.6087709695803545
0000002488,AMD,ADVANCED MICRO DEVICES INC,10-Q,Uncertainty,15,5,2021-04-28,2025-11-05,354442,10343,2.9170850861495476,2.918107899176734
0000018230,CAT,CATERPILLAR INC,10-Q,Negative,15,5,2021-05-05,2025-11-03,187391,2283,1.2159028016023814,1.2183082431920422
0000018230,CAT,CATERPILLAR INC,10-Q,Uncertainty,15,5,2021-05-05,2025-11-03,187391,1425,0.7673282789406205,0.760442070323548
0000059478,LLY,ELI LILLY & Co,10-Q,Negative,15,5,2021-04-30,2025-10-30,122655,2098,1.7198985776537539,1.7104887693122988
0000059478,LLY,ELI LILLY & Co,10-Q,Uncertainty,15,5,2021-04-30,2025-10-30,122655,1968,1.6400019859514197,1.6045004280298398
0000097210,TER,"TERADYNE, INC",10-Q,Negative,15,5,2021-05-07,2025-10-30,103274,1282,1.2244594508601965,1.2413579410112903
0000097210,TER,"TERADYNE, INC",10-Q,Uncertainty,15,5,2021-05-07,2025-10-30,103274,1403,1.3398800194035305,1.3585219900458974
0000202058,LHX,"L3HARRIS TECHNOLOGIES, INC. /DE/",10-Q,Negative,15,5,2021-05-03,2025-10-30,150460,2564,1.6255249718006932,1.7041074039611857
0000202058,LHX,"L3HARRIS TECHNOLOGIES, INC. /DE/",10-Q,Uncertainty,15,5,2021-05-03,2025-10-30,150460,2518,1.6307267123022617,1.6735344942177324
0000315189,DE,DEERE & CO,10-Q,Negative,15,5,2021-02-25,2025-08-28,106031,1678,1.571481963832237,1.5825560449302563
0000315189,DE,DEERE & CO,10-Q,Uncertainty,15,5,2021-02-25,2025-08-28,106031,1211,1.117985765228729,1.1421188143090228
0000773840,HON,HONEYWELL INTERNATIONAL INC,10-Q,Negative,15,5,2021-04-23,2025-10-23,121381,1413,1.142216550215513,1.1641031133373427
0000773840,HON,HONEYWELL INTERNATIONAL INC,10-Q,Uncertainty,15,5,2021-04-23,2025-10-23,121381,1237,1.009973063318189,1.0191051317751543
0000864749,TRMB,TRIMBLE INC.,10-Q,Negative,15,4,2021-05-07,2025-11-05,110966,1715,1.5397410875541158,1.5455184470919021
0000864749,TRMB,TRIMBLE INC.,10-Q,Uncertainty,15,4,2021-05-07,2025-11-05,110966,1657,1.494124752271665,1.493250184741272
0000874015,IONS,IONIS PHARMACEUTICALS INC,10-Q,Negative,15,5,2021-05-05,2025-10-29,305430,7008,2.291017339683036,2.2944700913466263
0000874015,IONS,IONIS PHARMACEUTICALS INC,10-Q,Uncertainty,15,5,2021-05-05,2025-10-29,305430,6956,2.2779921030192742,2.2774449137281865
0000883241,SNPS,SYNOPSYS INC,10-Q,Negative,15,5,2021-02-19,2025-09-09,297549,8789,2.932206114208429,2.953799206181167
0000883241,SNPS,SYNOPSYS INC,10-Q,Uncertainty,15,5,2021-02-19,2025-09-09,297549,8463,2.8272160533305457,2.844237419719105
0000896878,INTU,INTUIT INC.,10-Q,Negative,15,5,2021-02-23,2025-11-20,353330,11558,3.2728837168517915,3.2711629354993916
0000896878,INTU,INTUIT INC.,10-Q,Uncertainty,15,5,2021-02-23,2025-11-20,353330,8392,2.3764746491952597,2.3751167463844
0000936468,LMT,LOCKHEED MARTIN CORP,10-Q,Negative,15,5,2021-04-21,2025-10-21,198798,2114,1.0562387612331412,1.063390979788529
0000936468,LMT,LOCKHEED MARTIN CORP,10-Q,Uncertainty,15,5,2021-04-21,2025-10-21,198798,2966,1.47860125440712,1.4919667199871227
0001018724,AMZN,AMAZON COM INC,10-Q,Negative,15,5,2021-04-30,2025-10-31,236901,6659,2.810672638294621,2.810878805914707
0001018724,AMZN,AMAZON COM INC,10-Q,Uncertainty,15,5,2021-04-30,2025-10-31,236901,5311,2.242681744704019,2.2418647451889187
0001020214,CERS,CERUS CORP,10-Q,Negative,6,2,2021-05-04,2022-11-03,281427,9514,3.3817125269750328,3.3806280136589595
0001020214,CERS,CERUS CORP,10-Q,Uncertainty,6,2,2021-05-04,2022-11-03,281427,7216,2.5668510349970983,2.5640752308769237
0001035267,ISRG,INTUITIVE SURGICAL INC,10-Q,Negative,15,5,2021-04-21,2025-10-22,262468,3649,1.355150966056783,1.3902647179846686
0001035267,ISRG,INTUITIVE SURGICAL INC,10-Q,Uncertainty,15,5,2021-04-21,2025-10-22,262468,4661,1.7614443086102438,1.7758355304265663
0001045810,NVDA,NVIDIA CORP,10-Q,Negative,15,5,2021-05-26,2025-11-19,192884,4146,2.0953112375465803,2.1494784430020117
0001045810,NVDA,NVIDIA CORP,10-Q,Uncertainty,15,5,2021-05-26,2025-11-19,192884,4230,2.181003339073257,2.193027933887725
0001065280,NFLX,NETFLIX INC,10-Q,Negative,15,5,2021-04-22,2025-10-22,104122,699,0.67334713222451,0.6713278653886786
0001065280,NFLX,NETFLIX INC,10-Q,Uncertainty,15,5,2021-04-22,2025-10-22,104122,1513,1.452691774865333,1.4531030906052516
0001069258,KTOS,"KRATOS DEFENSE & SECURITY SOLUTIONS, INC.",10-Q,Negative,15,5,2021-05-05,2025-11-04,136076,2271,1.6558065263171204,1.6689203092389546
0001069258,KTOS,"KRATOS DEFENSE & SECURITY SOLUTIONS, INC.",10-Q,Uncertainty,15,5,2021-05-05,2025-11-04,136076,1983,1.463658335732898,1.4572738763632087
0001094285,TDY,TELEDYNE TECHNOLOGIES INC,10-Q,Negative,15,5,2021-04-30,2025-10-24,107689,1408,1.3278022899395299,1.3074687293966887
0001094285,TDY,TELEDYNE TECHNOLOGIES INC,10-Q,Uncertainty,15,5,2021-04-30,2025-10-24,107689,1375,1.2657033367557828,1.2768249310514537
0001099590,MELI,MERCADOLIBRE INC,10-Q,Negative,15,5,2021-05-06,2025-10-30,246636,2209,0.8989270911005447,0.8956518918568255
0001099590,MELI,MERCADOLIBRE INC,10-Q,Uncertainty,15,5,2021-05-06,2025-10-30,246636,2619,1.069267153636802,1.0618887753612611
0001110803,ILMN,"ILLUMINA, INC.",10-Q,Negative,15,5,2021-04-28,2025-10-31,125138,2411,1.8641705181804304,1.926672953059822
0001110803,ILMN,"ILLUMINA, INC.",10-Q,Uncertainty,15,5,2021-04-28,2025-10-31,125138,2179,1.7384809372330101,1.7412776294970354
0001121788,GRMN,GARMIN LTD,10-Q,Negative,15,5,2021-04-28,2025-10-29,84152,1308,1.5345465492300103,1.5543302595303736
0001121788,GRMN,GARMIN LTD,10-Q,Uncertainty,15,5,2021-04-28,2025-10-29,84152,1127,1.342075508537861,1.3392432740754825
0001217234,CDNA,"CareDx, Inc.",10-Q,Negative,15,5,2021-05-05,2025-11-04,336403,9306,2.6440951334653766,2.766324913868188
0001217234,CDNA,"CareDx, Inc.",10-Q,Uncertainty,15,5,2021-05-05,2025-11-04,336403,7018,2.02571360028361,2.086188292018799
0001299130,PACB,"PACIFIC BIOSCIENCES OF CALIFORNIA, INC.",10-Q,Negative,9,3,2021-05-06,2023-11-03,301234,11043,3.6635389957835067,3.6659208455884795
0001299130,PACB,"PACIFIC BIOSCIENCES OF CALIFORNIA, INC.",10-Q,Uncertainty,9,3,2021-05-06,2023-11-03,301234,8897,2.949124398756181,2.9535178631894143
0001318605,TSLA,"Tesla, Inc.",10-Q,Negative,15,5,2021-04-28,2025-10-23,202754,4186,1.5781617339317735,2.064570859267881
0001318605,TSLA,"Tesla, Inc.",10-Q,Uncertainty,15,5,2021-04-28,2025-10-23,202754,3949,1.637485594516319,1.9476804403365655
0001368622,AVAV,AeroVironment Inc,10-Q,Negative,15,5,2021-03-10,2025-12-10,152994,3044,1.925642963141745,1.9896205079937774
0001368622,AVAV,AeroVironment Inc,10-Q,Uncertainty,15,5,2021-03-10,2025-12-10,152994,2405,1.5148707302642987,1.5719570702119037
0001384101,VCYT,"VERACYTE, INC.",10-Q,Negative,15,5,2021-05-10,2025-11-05,522954,14004,2.408490854777061,2.677864592296837
0001384101,VCYT,"VERACYTE, INC.",10-Q,Uncertainty,15,5,2021-05-10,2025-11-05,522954,13036,2.3648197144190837,2.49276226972162
0001418819,IRDM,Iridium Communications Inc.,10-Q,Negative,15,5,2021-04-20,2025-10-23,105712,972,0.9127770798611986,0.9194793400938399
0001418819,IRDM,Iridium Communications Inc.,10-Q,Uncertainty,15,5,2021-04-20,2025-10-23,105712,1073,1.0193452150884648,1.015021946420463
0001474432,P,"Everpure, Inc.",10-Q,Negative,15,5,2021-06-08,2025-12-10,329120,11346,3.451205360209614,3.4473748176956733
0001474432,P,"Everpure, Inc.",10-Q,Uncertainty,15,5,2021-06-08,2025-12-10,329120,9350,2.8424894099029765,2.840909090909091
0001478320,ADPT,Adaptive Biotechnologies Corp,10-Q,Negative,15,5,2021-05-05,2025-11-05,125125,1381,1.098071847280196,1.1036963036963037
0001478320,ADPT,Adaptive Biotechnologies Corp,10-Q,Uncertainty,15,5,2021-05-05,2025-11-05,125125,1746,1.4003082616199245,1.3954045954045955
0001486957,BWXT,"BWX Technologies, Inc.",10-Q,Negative,15,5,2021-05-03,2025-11-03,115229,1347,1.168831076053688,1.1689765597202093
0001486957,BWXT,"BWX Technologies, Inc.",10-Q,Uncertainty,15,5,2021-05-03,2025-11-03,115229,1326,1.1494986362664386,1.150751980838157
0001527753,PSNL,"Personalis, Inc.",10-Q,Negative,9,4,2021-05-05,2025-11-04,423879,16541,3.9010823546545073,3.902292871314691
0001527753,PSNL,"Personalis, Inc.",10-Q,Uncertainty,9,4,2021-05-05,2025-11-04,423879,11762,2.7768745450195964,2.7748484827037903
0001535527,CRWD,"CrowdStrike Holdings, Inc.",10-Q,Negative,3,1,2025-06-04,2025-12-03,114984,4635,4.033019948758946,4.030995616781465
0001535527,CRWD,"CrowdStrike Holdings, Inc.",10-Q,Uncertainty,3,1,2025-06-04,2025-12-03,114984,3036,2.641647506763986,2.640367355458151
0001549595,NRIX,"Nurix Therapeutics, Inc.",10-Q,Negative,15,5,2021-04-13,2025-10-09,813574,27091,3.333143849275651,3.3298753401657377
0001549595,NRIX,"Nurix Therapeutics, Inc.",10-Q,Uncertainty,15,5,2021-04-13,2025-10-09,813574,23840,2.9325857788221645,2.9302804661899224
0001555279,MASS,908 Devices Inc.,10-Q,Negative,15,5,2021-05-13,2025-11-10,186091,2915,1.2812091345105163,1.5664379255310574
0001555279,MASS,908 Devices Inc.,10-Q,Uncertainty,15,5,2021-05-13,2025-11-10,186091,3369,1.6562069992527317,1.810404587003133
0001571949,ICE,"Intercontinental Exchange, Inc.",10-Q,Negative,15,5,2021-04-29,2025-10-30,249946,2345,0.9307945793443693,0.938202651772783
0001571949,ICE,"Intercontinental Exchange, Inc.",10-Q,Uncertainty,15,5,2021-04-29,2025-10-30,249946,3402,1.355992928381504,1.3610939963032014
0001576280,GH,"Guardant Health, Inc.",10-Q,Negative,15,5,2021-05-06,2025-10-29,158959,1760,1.1102847837862124,1.1072037443617537
0001576280,GH,"Guardant Health, Inc.",10-Q,Uncertainty,15,5,2021-05-06,2025-10-29,158959,2566,1.6162451463722873,1.6142527318365114
0001581280,TWST,Twist Bioscience Corp,10-Q,Negative,15,5,2021-02-09,2025-08-04,305049,9908,2.7151045044617583,3.248002779881265
0001581280,TWST,Twist Bioscience Corp,10-Q,Uncertainty,15,5,2021-02-09,2025-08-04,305049,8439,2.3870183737589343,2.7664408013138875
0001604821,NTRA,"Natera, Inc.",10-Q,Negative,15,5,2021-05-07,2025-11-07,140342,1779,1.2660066144954363,1.2676176768180587
0001604821,NTRA,"Natera, Inc.",10-Q,Uncertainty,15,5,2021-05-07,2025-11-07,140342,2088,1.4882669276098321,1.4877941029770132
0001633917,PYPL,"PayPal Holdings, Inc.",10-Q,Negative,15,5,2021-05-06,2025-10-28,224215,5272,2.3014053423231826,2.351314586446045
0001633917,PYPL,"PayPal Holdings, Inc.",10-Q,Uncertainty,15,5,2021-05-06,2025-10-28,224215,4300,1.9055674600051704,1.9178021095823206
0001640147,SNOW,Snowflake Inc.,10-Q,Negative,15,5,2021-06-04,2025-12-05,502974,15015,2.972858908163075,2.9852437700557086
0001640147,SNOW,Snowflake Inc.,10-Q,Uncertainty,15,5,2021-06-04,2025-12-05,502974,12645,2.5167437309993614,2.514046451705257
0001652130,NTLA,"Intellia Therapeutics, Inc.",10-Q,Negative,15,5,2021-05-06,2025-11-06,662323,21858,3.30353431425315,3.3002024691879943
0001652130,NTLA,"Intellia Therapeutics, Inc.",10-Q,Uncertainty,15,5,2021-05-06,2025-11-06,662323,17501,2.6465060135179823,2.642366337874421
0001672688,ABSI,Absci Corp,10-Q,Negative,8,4,2021-11-09,2025-11-12,157496,3745,1.6910548652045003,2.377838167318535
0001672688,ABSI,Absci Corp,10-Q,Uncertainty,8,4,2021-11-09,2025-11-12,157496,3589,1.8232090545657493,2.278788032711942
0001674416,CRSP,CRISPR Therapeutics AG,10-Q,Negative,15,5,2021-04-27,2025-11-10,135640,1730,1.274704686589435,1.275434974933648
0001674416,CRSP,CRISPR Therapeutics AG,10-Q,Uncertainty,15,5,2021-04-27,2025-11-10,135640,1923,1.4210540577026727,1.417723385432026
0001730168,AVGO,Broadcom Inc.,10-Q,Negative,15,5,2021-03-12,2025-09-10,332166,11756,3.5581633959396384,3.5391942582925404
0001730168,AVGO,Broadcom Inc.,10-Q,Uncertainty,15,5,2021-03-12,2025-09-10,332166,10443,3.1512093065836186,3.1439099727244812
0001745999,BEAM,Beam Therapeutics Inc.,10-Q,Negative,15,5,2021-05-11,2025-11-04,237273,4130,1.6945508528865034,1.7406110261175944
0001745999,BEAM,Beam Therapeutics Inc.,10-Q,Uncertainty,15,5,2021-05-11,2025-11-04,237273,3810,1.592714127714733,1.605745280752551
0001768224,ARCT,Arcturus Therapeutics Holdings Inc.,10-Q,Negative,15,5,2021-05-10,2025-11-12,147857,2004,1.3433685946764624,1.3553636283706554
0001768224,ARCT,Arcturus Therapeutics Holdings Inc.,10-Q,Uncertainty,15,5,2021-05-10,2025-11-12,147857,1884,1.2769073866303187,1.2742041296658257
0001779128,SRTA,"Strata Critical Medical, Inc.",10-Q,Negative,10,5,2021-05-24,2025-11-10,125393,2206,1.5077779543944136,1.7592688587082213
0001779128,SRTA,"Strata Critical Medical, Inc.",10-Q,Uncertainty,10,5,2021-05-24,2025-11-10,125393,1795,1.2831078264871065,1.431499365993317
0001816590,CMPS,COMPASS Pathways plc,10-Q,Negative,12,4,2022-05-10,2025-11-04,835502,28561,3.4182330476738763,3.4184238936591416
0001816590,CMPS,COMPASS Pathways plc,10-Q,Uncertainty,12,4,2022-05-10,2025-11-04,835502,22608,2.706098541887543,2.7059181186879266
0001818331,WGS,GeneDx Holdings Corp.,10-Q,Negative,9,4,2021-11-15,2025-10-28,194273,5410,2.1556144345265253,2.7847410602605613
0001818331,WGS,GeneDx Holdings Corp.,10-Q,Uncertainty,9,4,2021-11-15,2025-10-28,194273,4536,2.0470631158720547,2.3348586782517384
0001818874,SOFI,"SoFi Technologies, Inc.",10-Q,Negative,14,5,2021-08-16,2025-11-06,877899,25075,2.6459015396206236,2.8562511177253875
0001818874,SOFI,"SoFi Technologies, Inc.",10-Q,Uncertainty,14,5,2021-08-16,2025-11-06,877899,20304,2.2038075275798485,2.312794524199253
0001819848,JOBY,"Joby Aviation, Inc.",10-Q,Negative,14,5,2021-08-13,2025-11-06,122444,1630,1.322288645116465,1.331220802979321
0001819848,JOBY,"Joby Aviation, Inc.",10-Q,Uncertainty,14,5,2021-08-13,2025-11-06,122444,2110,1.7232017293684823,1.7232367449609618
0001819994,RKLB,Rocket Lab Corp,10-Q,Negative,13,5,2021-11-15,2025-11-10,121676,2037,1.6747027748281842,1.6741181498405602
0001819994,RKLB,Rocket Lab Corp,10-Q,Uncertainty,13,5,2021-11-15,2025-11-10,121676,1991,1.6394980415478635,1.6363128307965416
0001824502,ACHR,Archer Aviation Inc.,10-Q,Negative,3,1,2025-05-12,2025-11-06,25207,310,1.1845620772069874,1.2298171142936485
0001824502,ACHR,Archer Aviation Inc.,10-Q,Uncertainty,3,1,2025-05-12,2025-11-06,25207,426,1.667988028014003,1.6900067441583686
0001828108,AUR,"Aurora Innovation, Inc.",10-Q,Negative,1,1,2021-11-15,2021-11-15,7039,89,1.2643841454752096,1.2643841454752096
0001828108,AUR,"Aurora Innovation, Inc.",10-Q,Uncertainty,1,1,2021-11-15,2021-11-15,7039,84,1.193351328313681,1.193351328313681
0001849056,OKLO,Oklo Inc.,10-Q,Negative,5,2,2024-08-14,2025-11-12,47401,612,1.286599091676831,1.291112001856501
0001849056,OKLO,Oklo Inc.,10-Q,Uncertainty,5,2,2024-08-14,2025-11-12,47401,805,1.6986742533757728,1.6982764076707242
0001894562,PRME,"Prime Medicine, Inc.",10-Q,Negative,8,3,2023-05-11,2025-11-07,111882,2599,1.5628483524433312,2.322983142954184
0001894562,PRME,"Prime Medicine, Inc.",10-Q,Uncertainty,8,3,2023-05-11,2025-11-07,111882,2773,1.9417707489199545,2.478504138288554
