raw_ticker,identifier,ark_name,ticker,cik,sec_name,resolution,evidence,observed_forms,funds,n_10k,n_10q,status
2618,BNMBPD9,JD LOGISTICS INC,2618,,,no_verified_sec_match,https://www.sec.gov/Archives/edgar/data/1549802/000119312521043418/d131620dex991.htm,,ARKX,0,0,no_verified_sec_match
4689,6084848,LY CORP,4689,,,no_verified_sec_match,https://www2.jpx.co.jp/tseHpFront/StockSearch.do?callJorEFlg=1&topSearchStr=4689,,ARKF,0,0,no_verified_sec_match
6301,6496584,KOMATSU LTD,6301,0000056594,KOMATSU LTD,verified,https://data.sec.gov/submissions/CIK0000056594.json,,ARKX,0,0,no_10x_filings
ADYEN,BZ1HM42,ADYEN NV,ADYEN,0001788707,Adyen N.V./ADR,verified,https://data.sec.gov/submissions/CIK0001788707.json,"F-6 POS, F-6EF, SC 13G, SCHEDULE 13G/A",ARKF,0,0,no_10x_filings
AIR,4012250,AIRBUS SE,AIR,0001697546,AIRBUS SE,verified,https://data.sec.gov/submissions/CIK0001697546.json,D,ARKX,0,0,no_10x_filings
ALMR,010911105,ALAMAR BIOSCIENCES INC,ALMR,0002104204,"Alamar Biosciences, Inc.",verified,https://data.sec.gov/submissions/CIK0002104204.json,,ARKG,0,0,no_10x_filings
ARKY,00214Q724,ARK ACTIVE AUTOCALL INC ETF,ARKY,,,fund_holding,Frozen holdings: fund security; outside operating-company sample,,ARKK,0,0,fund_holding
BABA,01609W102,ALIBABA GROUP HOLDING-SP ADR,BABA,0001577552,Alibaba Group Holding Ltd,verified,https://data.sec.gov/submissions/CIK0001577552.json,"13F-HR, 144, 20-F, 20-F/A, 424B2, 424B3, 424B5, 6-K, CORRESP, EFFECT, F-3ASR, F-4, F-6EF, FWP, IRANNOTICE, N-PX, S-8, SC 13D/A, SC 13G, SC 13G/A, SCHEDULE 13G/A, SD, UPLOAD",ARKF,0,0,no_10x_filings
BIDU,056752108,BAIDU INC - SPON ADR,BIDU,0001329099,"Baidu, Inc.",verified,https://data.sec.gov/submissions/CIK0001329099.json,"144, 144/A, 20-F, 424B2, 424B5, 6-K, CORRESP, F-3ASR, FWP, S-8, SC 13D/A, SC 13G, SC 13G/A, SCHEDULE 13G/A, UPLOAD",ARKQ,0,0,no_10x_filings
BLSH,G16910120,BULLISH,BLSH,0001872195,Bullish,verified,https://data.sec.gov/submissions/CIK0001872195.json,"424B4, 425, 6-K, 8-A12B, CERT, CORRESP, DRS, DRS/A, DRSLTR, EFFECT, F-1, F-1/A, F-4, F-4/A, RW, S-8, SCHEDULE 13D, SCHEDULE 13G, UPLOAD",ARKF|ARKK|ARKW,0,0,no_10x_filings
BYDDY,05606L100,BYD CO LTD-UNSPONSORED ADR,BYDDY,0001445162,BYD CO LTD,verified,https://data.sec.gov/submissions/CIK0001445162.json,"F-6 POS, F-6EF",ARKQ,0,0,no_10x_filings
CBRS,15675D103,CEREBRAS SYSTEMS INC - A,CBRS,0002021728,Cerebras Systems Inc.,verified,https://data.sec.gov/submissions/CIK0002021728.json,"DRS, DRS/A, RW, S-1",ARKK|ARKW,0,0,no_10x_filings
CCJ,13321L108,CAMECO CORP,CCJ,0001009001,CAMECO CORP,verified,https://data.sec.gov/submissions/CIK0001009001.json,"144, 144/A, 40-F, 6-K, CORRESP, F-10, F-X, FWP, S-8, SC 13G, SC 13G/A, SCHEDULE 13G, SCHEDULE 13G/A, SD, SUPPL, UPLOAD",ARKQ,0,0,no_10x_filings
DSY,6177878,DISCOVERY LTD,DSY,,,no_verified_sec_match,https://www.discovery.co.za/corporate/investor-listing-info,,ARKF,0,0,no_verified_sec_match
DSY FP,BM8H5Y5,DASSAULT SYSTEMES SE,DSY,0001016118,DASSAULT SYSTEMES SE,verified,https://data.sec.gov/submissions/CIK0001016118.json,,ARKX,0,0,no_10x_filings
ESLT,M3760D101,ELBIT SYSTEMS LTD,ESLT,0001027664,ELBIT SYSTEMS LTD,verified,https://data.sec.gov/submissions/CIK0001027664.json,"20-F, 424B5, 6-K, CORRESP, F-3ASR, S-8, SC 13G, SC 13G/A, SCHEDULE 13D/A, SD, UPLOAD",ARKQ|ARKX,0,0,no_10x_filings
ETHQ/U,BQ84B35,3IQ ETHER STAKING ETF,ETHQ/U,,,fund_holding,Frozen holdings: fund security; outside operating-company sample,,ARKF|ARKW,0,0,fund_holding
ETOR,G32089107,ETORO GROUP LTD-A,ETOR,0001493318,eToro Group Ltd.,verified,https://data.sec.gov/submissions/CIK0001493318.json,"144, 424B4, 425, 6-K, 8-A12B, CERT, CORRESP, D, DRS, DRS/A, DRSLTR, EFFECT, F-1, F-1/A, F-1MEF, F-4, F-4/A, RW, S-8, SCHEDULE 13D, SCHEDULE 13D/A, SCHEDULE 13G, UPLOAD",ARKF,0,0,no_10x_filings
FUTU,36118L106,FUTU HOLDINGS LTD-ADR,FUTU,0001754581,Futu Holdings Ltd,verified,https://data.sec.gov/submissions/CIK0001754581.json,"144, 144/A, 20-F, 424B3, 424B5, 6-K, CORRESP, SC 13D/A, SC 13G, SC 13G/A, SCHEDULE 13G, UPLOAD",ARKF,0,0,no_10x_filings
GENB,370920100,GENERATE BIOMEDICINES INC,GENB,0002100782,"Generate Biomedicines, Inc.",verified,https://data.sec.gov/submissions/CIK0002100782.json,DRS,ARKG,0,0,no_10x_filings
GENI,G3934V109,GENIUS SPORTS LTD,GENI,0001834489,Genius Sports Ltd,verified,https://data.sec.gov/submissions/CIK0001834489.json,"144, 144/A, 20-F, 20-F/A, 25-NSE, 424B3, 424B4, 424B5, 425, 6-K, 6-K/A, 8-A12B, CERT, CORRESP, D, DRS, DRSLTR, EFFECT, F-1, F-1/A, F-1MEF, F-3, F-3ASR, F-4, F-4/A, POS AM, POS EX, RW, S-8, SC 13G, SC 13G/A, SC TO-I, SC TO-I/A, SCHEDULE 13G, SCHEDULE 13G/A, UPLOAD",ARKW,0,0,no_10x_filings
GLBE,M5216V106,GLOBAL-E ONLINE LTD,GLBE,0001835963,Global-E Online Ltd.,verified,https://data.sec.gov/submissions/CIK0001835963.json,"144, 20-F, 424B4, 6-K, 6-K/A, 8-A12B, CERT, CORRESP, DRS, DRS/A, DRSLTR, EFFECT, F-1, F-1/A, S-8, SC 13G, SC 13G/A, SCHEDULE 13G/A, SEC STAFF LETTER, UPLOAD",ARKF,0,0,no_10x_filings
HO,4162791,THALES SA,HO,0001884735,Thales S.A.,verified,https://data.sec.gov/submissions/CIK0001884735.json,3,ARKX,0,0,no_10x_filings
KLAR,G5279N105,KLARNA GROUP PLC,KLAR,0002003292,Klarna Group plc,verified,https://data.sec.gov/submissions/CIK0002003292.json,"424B4, 6-K, 8-A12B, CERT, CORRESP, D, D/A, DRS, DRS/A, DRSLTR, EFFECT, F-1, F-1/A, S-8, SCHEDULE 13G, UPLOAD",ARKF,0,0,no_10x_filings
KMTUY,500458401,KOMATSU LTD -SPONS ADR,KMTUY,0000056594,KOMATSU LTD,verified,https://data.sec.gov/submissions/CIK0000056594.json,,ARKQ,0,0,no_10x_filings
KSPI,BJY21K1,JSC KASPI.KZ ADR,KSPI,0001985487,Joint Stock Co Kaspi.kz,verified,https://data.sec.gov/submissions/CIK0001985487.json,"144, 20-F, 424B4, 6-K, 8-A12B, CERT, CORRESP, DRS, DRS/A, DRSLTR, EFFECT, F-1, F-1/A, F-1MEF, S-8, SC 13G, SCHEDULE 13D, SCHEDULE 13D/A, SCHEDULE 13G, SCHEDULE 13G/A, UPLOAD",ARKF,0,0,no_10x_filings
NU UN,G6683N103,NU HOLDINGS LTD/CAYMAN ISL-A,NU,0001691493,Nu Holdings Ltd.,verified,https://data.sec.gov/submissions/CIK0001691493.json,"144, 144/A, 20-F, 424B1, 6-K, 6-K/A, 8-A12B, CERT, CORRESP, D, DRS, DRS/A, DRSLTR, EFFECT, F-1, F-1/A, S-8, SC 13G, SC 13G/A, SCHEDULE 13G, SCHEDULE 13G/A, UPLOAD",ARKF,0,0,no_10x_filings
PONY,732908108,PONY AI INC,PONY,0001969302,Pony AI Inc.,verified,https://data.sec.gov/submissions/CIK0001969302.json,"144, 20-F, 424B4, 6-K, 8-A12B, CERT, CORRESP, DRS, DRS/A, DRSLTR, EFFECT, F-1, F-1/A, F-6, FWP, S-8, SCHEDULE 13G, SCHEDULE 13G/A, UPLOAD",ARKQ,0,0,no_10x_filings
PRNT,00214Q500,THE 3D PRINTING ETF,PRNT,,,fund_holding,Frozen holdings: fund security; outside operating-company sample,,ARKX,0,0,fund_holding
SCTX,811033109,SCRIBE THERAPEUTICS INC,SCTX,0001853921,"Scribe Therapeutics, Inc.",verified,https://data.sec.gov/submissions/CIK0001853921.json,D,ARKG,0,0,no_10x_filings
SE,81141R100,SEA LTD-ADR,SE,0001703399,Sea Ltd,verified,https://data.sec.gov/submissions/CIK0001703399.json,"144, 144/A, 20-F, 424B5, 6-K, CORRESP, CT ORDER, F-3ASR, FWP, S-8, SC 13D/A, SC 13G, SC 13G/A, SCHEDULE 13G, UPLOAD",ARKF,0,0,no_10x_filings
SLMT,G13311116,BRERA HOLDINGS PLC-CL B,SLMT,0001939965,Brera Holdings PLC,verified,https://data.sec.gov/submissions/CIK0001939965.json,"20-F, 20-F/A, 424B3, 424B4, 424B5, 6-K, 8-A12B, CERT, CORRESP, D, DRS, DRS/A, DRSLTR, EFFECT, F-1, F-1/A, F-3, F-3ASR, NT 20-F, POS AM, S-8, SC 13D, SC 13D/A, SC 13G, SC 13G/A, SCHEDULE 13D, SCHEDULE 13D/A, SCHEDULE 13G, UPLOAD",ARKF,0,0,no_10x_filings
SOLQ/U,BTRDQ40,3IQ SOLANA STAKING ETF,SOLQ/U,,,fund_holding,Frozen holdings: fund security; outside operating-company sample,,ARKF|ARKW,0,0,fund_holding
SPCX,84615Q103,SPACE EXPLORATION TECHN-CL A,SPCX,0001181412,SPACE EXPLORATION TECHNOLOGIES CORP,verified,https://data.sec.gov/submissions/CIK0001181412.json,"D, D/A",ARKK|ARKQ|ARKW,0,0,no_10x_filings
SPOT,L8681T102,SPOTIFY TECHNOLOGY SA,SPOT,0001639920,Spotify Technology S.A.,verified,https://data.sec.gov/submissions/CIK0001639920.json,"144, 144/A, 20-F, 6-K, S-8, S-8 POS, SC 13G, SC 13G/A, SCHEDULE 13G, SCHEDULE 13G/A",ARKF|ARKW,0,0,no_10x_filings
TSM,874039100,TAIWAN SEMICONDUCTOR-SP ADR,TSM,0001046179,TAIWAN SEMICONDUCTOR MANUFACTURING CO LTD,verified,https://data.sec.gov/submissions/CIK0001046179.json,"20-F, 424B2, 424B5, 6-K, 6-K/A, F-3ASR, FWP, S-8, SC 13G, SC 13G/A, SCHEDULE 13G/A, SD",ARKK|ARKQ|ARKW|ARKX,0,0,no_10x_filings
WRD,950915108,WERIDE INC-ADR,WRD,0001867729,WeRide Inc.,verified,https://data.sec.gov/submissions/CIK0001867729.json,"20-F, 424B4, 424B5, 6-K, 8-A12B, CERT, CORRESP, DRS, DRS/A, DRSLTR, EFFECT, F-1, F-1/A, F-1MEF, F-3ASR, F-6, FWP, RW, S-8, SC 13D, SCHEDULE 13D/A, SCHEDULE 13G, SCHEDULE 13G/A, SEC STAFF LETTER, UPLOAD",ARKQ,0,0,no_10x_filings
XE,98386P102,X-ENERGY INC,XE,0002088896,"X-Energy, Inc.",verified,https://data.sec.gov/submissions/CIK0002088896.json,DRS,ARKK|ARKQ,0,0,no_10x_filings
